{"cameraMode":{"drawMode":0,"name":"Shaded","section":"Shading Mode"},"sceneLighting":false,"audioPlay":false,"sceneViewState":{"showFog":true,"showMaterialUpdate":false,"showSkybox":false,"showFlares":true,"showImageEffects":true,"showParticleSystems":true},"in2DMode":false,"pivot":{"x":7.450580596923828e-9,"y":-0.001145198941230774,"z":-0.027188971638679506},"rotation":{"x":0.1314508020877838,"y":0.8615015745162964,"z":-0.28245076537132265,"w":0.40097764134407046},"size":0.19225847721099854,"orthographic":false}