{"cameraMode":{"drawMode":0,"name":"Shaded","section":"Shading Mode"},"sceneLighting":true,"audioPlay":false,"sceneViewState":{"showFog":true,"showMaterialUpdate":false,"showSkybox":true,"showFlares":true,"showImageEffects":true,"showParticleSystems":true},"in2DMode":false,"pivot":{"x":-0.12817412614822389,"y":0.14838075637817384,"z":-0.17725825309753419},"rotation":{"x":-0.0669715404510498,"y":-0.9298674464225769,"z":0.2925482392311096,"w":-0.2128446102142334},"size":0.30092722177505495,"orthographic":false}