{"cameraMode":{"drawMode":0,"name":"Shaded","section":"Shading Mode"},"sceneLighting":false,"audioPlay":false,"sceneViewState":{"showFog":true,"showMaterialUpdate":false,"showSkybox":false,"showFlares":true,"showImageEffects":true,"showParticleSystems":true},"in2DMode":false,"pivot":{"x":0.16881772875785829,"y":-0.1539372205734253,"z":0.04394340515136719},"rotation":{"x":0.03790180757641792,"y":-0.9586752653121948,"z":0.23644530773162843,"w":0.1537056416273117},"size":1.5276317596435547,"orthographic":false}