{"cameraMode":{"drawMode":0,"name":"Shaded","section":"Shading Mode"},"sceneLighting":true,"audioPlay":false,"sceneViewState":{"showFog":true,"showMaterialUpdate":false,"showSkybox":true,"showFlares":true,"showImageEffects":true,"showParticleSystems":true},"in2DMode":false,"pivot":{"x":-0.1922769546508789,"y":0.023398756980895997,"z":-0.1622263789176941},"rotation":{"x":-0.0669715404510498,"y":-0.9298674464225769,"z":0.2925482392311096,"w":-0.2128446102142334},"size":0.9697924256324768,"orthographic":false}